date,home_team,away_team,home_score,away_score,total_runs
2020-07-18,WSH,PHI,2,7,9
2020-07-18,PIT,CLE,3,5,8
2020-07-18,NYM,NYY,3,9,12
2020-07-19,PHI,BAL,1,4,5
2020-07-19,NYY,NYM,6,0,6
2020-07-19,CHC,CWS,3,7,10
2020-07-19,LAD,AZ,9,2,11
2020-07-20,BAL,WSH,2,4,6
2020-07-20,NYY,PHI,2,2,4
2020-07-20,CLE,PIT,11,7,18
2020-07-20,KC,HOU,3,6,9
2020-07-20,CWS,CHC,5,3,8
2020-07-20,SD,LAA,0,1,1
2020-07-20,LAD,AZ,12,1,13
2020-07-20,ATH,SF,2,6,8
2020-07-21,KC,HOU,6,15,21
2020-07-21,WSH,BAL,6,4,10
2020-07-21,CIN,DET,9,7,16
2020-07-21,ATL,MIA,10,9,19
2020-07-21,BOS,TOR,6,8,14
2020-07-21,TEX,COL,1,5,6
2020-07-21,LAD,LAA,6,4,10
2020-07-21,SF,ATH,4,2,6
2020-07-22,ATL,MIA,2,6,8
2020-07-22,STL,KC,6,3,9
2020-07-22,PIT,CLE,3,5,8
2020-07-22,CIN,DET,2,1,3
2020-07-22,CHC,MIN,4,3,7
2020-07-22,TEX,COL,3,7,10
2020-07-22,CWS,MIL,3,5,8
2020-07-22,LAA,SD,4,5,9
2020-07-22,BOS,TOR,0,0,0
2020-07-23,WSH,NYY,1,4,5
2020-07-23,LAD,SF,8,1,9
2020-07-24,NYM,ATL,1,0,1
2020-07-24,CIN,DET,7,1,8
2020-07-24,TB,TOR,4,6,10
2020-07-24,PHI,MIA,2,5,7
2020-07-24,CLE,KC,2,0,2
2020-07-24,CHC,MIL,3,0,3
2020-07-24,BOS,BAL,13,2,15
2020-07-24,TEX,COL,1,0,1
2020-07-24,CWS,MIN,5,10,15
2020-07-24,STL,PIT,5,4,9
2020-07-24,SD,AZ,7,2,9
2020-07-24,HOU,SEA,8,2,10
2020-07-24,LAD,SF,9,1,10
2020-07-24,ATH,LAA,7,3,10
2020-07-25,CHC,MIL,3,8,11
2020-07-25,BOS,BAL,2,7,9
2020-07-25,CWS,MIN,10,3,13
2020-07-25,STL,PIT,9,1,10
2020-07-25,TB,TOR,4,1,5
2020-07-25,TEX,COL,2,3,5
2020-07-25,PHI,MIA,7,1,8
2020-07-25,ATH,LAA,1,4,5
2020-07-25,HOU,SEA,7,2,9
2020-07-25,LAD,SF,4,5,9
2020-07-25,NYM,ATL,3,5,8
2020-07-25,CIN,DET,4,6,10
2020-07-25,CLE,KC,2,3,5
2020-07-25,WSH,NYY,9,2,11
2020-07-25,SD,AZ,5,1,6
2020-07-26,PHI,MIA,6,11,17
2020-07-26,WSH,NYY,2,3,5
2020-07-26,CIN,DET,2,3,5
2020-07-26,CLE,KC,9,2,11
2020-07-26,TB,TOR,6,5,11
2020-07-26,BOS,BAL,4,7,11
2020-07-26,HOU,SEA,6,7,13
2020-07-26,CWS,MIN,2,14,16
2020-07-26,STL,PIT,1,5,6
2020-07-26,CHC,MIL,9,1,10
2020-07-26,TEX,COL,2,5,7
2020-07-26,ATH,LAA,6,4,10
2020-07-26,SD,AZ,3,4,7
2020-07-26,NYM,ATL,1,14,15
2020-07-26,LAD,SF,1,3,4
2020-07-27,ATH,LAA,3,0,3
2020-07-27,SD,AZ,6,2,8
2020-07-27,WSH,TOR,1,4,5
2020-07-27,CIN,CHC,7,8,15
2020-07-27,TB,ATL,14,5,19
2020-07-27,PIT,MIL,5,6,11
2020-07-27,DET,KC,6,14,20
2020-07-27,HOU,SEA,8,5,13
2020-07-27,BOS,NYM,4,7,11
2020-07-27,PHI,NYY,0,0,0
2020-07-27,CLE,CWS,0,0,0
2020-07-27,MIA,BAL,0,0,0
2020-07-28,CLE,CWS,4,3,7
2020-07-28,CLE,CWS,5,3,8
2020-07-28,WSH,TOR,1,5,6
2020-07-28,CIN,CHC,5,8,13
2020-07-28,TB,ATL,5,2,7
2020-07-28,PIT,MIL,8,6,14
2020-07-28,DET,KC,4,3,7
2020-07-28,BOS,NYM,3,8,11
2020-07-28,MIN,STL,6,3,9
2020-07-28,TEX,AZ,1,4,5
2020-07-28,HOU,LAD,2,5,7
2020-07-28,ATH,COL,3,8,11
2020-07-28,LAA,SEA,10,2,12
2020-07-28,SF,SD,3,5,8
2020-07-28,PHI,NYY,0,0,0
2020-07-28,MIA,BAL,0,0,0
2020-07-29,ATH,COL,1,5,6
2020-07-29,TEX,AZ,7,4,11
2020-07-29,TOR,WSH,0,4,4
2020-07-29,CLE,CWS,0,4,4
2020-07-29,CIN,CHC,12,7,19
2020-07-29,PIT,MIL,0,3,3
2020-07-29,DET,KC,5,4,9
2020-07-29,HOU,LAD,2,4,6
2020-07-29,NYM,BOS,5,6,11
2020-07-29,ATL,TB,7,4,11
2020-07-29,BAL,NYY,3,9,12
2020-07-29,MIN,STL,3,0,3
2020-07-29,SF,SD,7,6,13
2020-07-29,LAA,SEA,7,10,17
2020-07-29,NYY,PHI,0,0,0
2020-07-29,BAL,MIA,0,0,0
2020-07-30,TOR,WSH,4,6,10
2020-07-30,BAL,NYY,6,8,14
2020-07-30,NYM,BOS,2,4,6
2020-07-30,MIN,CLE,0,2,2
2020-07-30,DET,KC,3,5,8
2020-07-30,ATL,TB,2,1,3
2020-07-30,AZ,LAD,3,6,9
2020-07-30,LAA,SEA,5,8,13
2020-07-30,SF,SD,7,12,19
2020-07-30,CIN,CHC,0,0,0
2020-07-30,NYY,PHI,0,0,0
2020-07-30,BAL,MIA,0,0,0
2020-07-31,NYY,BOS,5,1,6
2020-07-31,DET,CIN,7,2,9
2020-07-31,ATL,NYM,11,10,21
2020-07-31,BAL,TB,6,3,9
2020-07-31,KC,CWS,2,3,5
2020-07-31,COL,SD,7,8,15
2020-07-31,MIN,CLE,4,1,5
2020-07-31,CHC,PIT,6,3,9
2020-07-31,LAA,HOU,6,9,15
2020-07-31,SF,TEX,9,2,11
2020-07-31,AZ,LAD,5,3,8
2020-07-31,SEA,ATH,5,3,8
2020-07-31,MIL,STL,0,0,0
2020-07-31,MIA,WSH,0,0,0
2020-08-01,KC,CWS,5,11,16
2020-08-01,LAA,HOU,5,4,9
2020-08-01,NYY,BOS,5,2,7
2020-08-01,MIN,CLE,3,0,3
2020-08-01,ATL,NYM,7,1,8
2020-08-01,BAL,TB,5,4,9
2020-08-01,AZ,LAD,2,11,13
2020-08-01,COL,SD,6,1,7
2020-08-01,CHC,PIT,4,3,7
2020-08-01,SEA,ATH,2,3,5
2020-08-01,SF,TEX,7,3,10
2020-08-01,DET,CIN,0,0,0
2020-08-01,TOR,PHI,0,0,0
2020-08-01,TOR,PHI,0,0,0
2020-08-01,MIA,WSH,0,0,0
2020-08-01,MIL,STL,0,0,0
2020-08-02,DET,CIN,3,4,7
2020-08-02,DET,CIN,0,4,4
2020-08-02,BAL,TB,5,1,6
2020-08-02,ATL,NYM,4,0,4
2020-08-02,KC,CWS,2,9,11
2020-08-02,MIN,CLE,3,1,4
2020-08-02,CHC,PIT,2,1,3
2020-08-02,COL,SD,9,6,15
2020-08-02,SF,TEX,5,9,14
2020-08-02,LAA,HOU,5,6,11
2020-08-02,AZ,LAD,0,3,3
2020-08-02,SEA,ATH,2,3,5
2020-08-02,NYY,BOS,9,7,16
2020-08-02,MIA,WSH,0,0,0
2020-08-02,MIL,STL,0,0,0
2020-08-02,MIL,STL,0,0,0
2020-08-02,TOR,PHI,0,0,0
2020-08-03,CIN,CLE,3,2,5
2020-08-03,NYY,PHI,6,3,9
2020-08-03,ATL,NYM,2,7,9
2020-08-03,MIN,PIT,5,4,9
2020-08-03,MIL,CWS,4,6,10
2020-08-03,CHC,KC,2,0,2
2020-08-03,COL,SF,7,6,13
2020-08-03,SD,LAD,5,4,9
2020-08-03,SEA,ATH,1,11,12
2020-08-04,MIN,PIT,7,3,10
2020-08-04,CIN,CLE,2,4,6
2020-08-04,TB,BOS,5,1,6
2020-08-04,WSH,NYM,5,3,8
2020-08-04,ATL,TOR,10,1,11
2020-08-04,BAL,MIA,0,4,4
2020-08-04,MIL,CWS,2,3,5
2020-08-04,CHC,KC,5,4,9
2020-08-04,COL,SF,5,2,7
2020-08-04,AZ,HOU,2,8,10
2020-08-04,SD,LAD,2,5,7
2020-08-04,ATH,TEX,5,1,6
2020-08-04,SEA,LAA,3,5,8
2020-08-04,DET,STL,0,0,0
2020-08-04,MIA,PHI,0,0,0
2020-08-05,NYY,PHI,7,11,18
2020-08-05,PHI,NYY,1,3,4
2020-08-05,BAL,MIA,0,1,1
2020-08-05,MIA,BAL,2,1,3
2020-08-05,WSH,NYM,1,3,4
2020-08-05,TB,BOS,0,5,5
2020-08-05,PIT,MIN,2,5,7
2020-08-05,CLE,CIN,2,0,2
2020-08-05,ATL,TOR,1,2,3
2020-08-05,KC,CHC,1,6,7
2020-08-05,CWS,MIL,0,1,1
2020-08-05,COL,SF,3,4,7
2020-08-05,AZ,HOU,14,7,21
2020-08-05,SD,LAD,6,7,13
2020-08-05,ATH,TEX,6,4,10
2020-08-05,SEA,LAA,7,6,13
2020-08-05,DET,STL,0,0,0
2020-08-05,STL,DET,0,0,0
2020-08-05,MIA,PHI,0,0,0
2020-08-05,BAL,NYY,0,0,0
2020-08-06,PIT,MIN,6,5,11
2020-08-06,COL,SF,6,4,10
2020-08-06,ATH,TEX,6,4,10
2020-08-06,SEA,LAA,1,6,7
2020-08-06,PHI,NYY,5,4,9
2020-08-06,CLE,CIN,13,0,13
2020-08-06,AZ,HOU,5,4,9
2020-08-06,KC,CHC,13,2,15
2020-08-06,ATL,TOR,4,3,7
2020-08-06,MIA,BAL,8,7,15
2020-08-06,CWS,MIL,3,8,11
2020-08-06,STL,DET,0,0,0
2020-08-06,MIA,PHI,0,0,0
2020-08-07,WSH,BAL,0,11,11
2020-08-07,TB,NYY,1,0,1
2020-08-07,PIT,DET,13,17,30
2020-08-07,NYM,MIA,3,4,7
2020-08-07,BOS,TOR,5,3,8
2020-08-07,KC,MIN,3,2,5
2020-08-07,CWS,CLE,2,0,2
2020-08-07,MIL,CIN,3,8,11
2020-08-07,TEX,LAA,4,3,7
2020-08-07,ATH,HOU,3,2,5
2020-08-07,SD,AZ,3,0,3
2020-08-07,SEA,COL,4,8,12
2020-08-07,LAD,SF,7,2,9
2020-08-07,PHI,ATL,0,0,0
2020-08-07,STL,CHC,0,0,0
2020-08-08,CWS,CLE,1,7,8
2020-08-08,TB,NYY,4,8,12
2020-08-08,TB,NYY,5,3,8
2020-08-08,PIT,DET,5,11,16
2020-08-08,ATH,HOU,3,1,4
2020-08-08,WSH,BAL,3,5,8
2020-08-08,PHI,ATL,5,0,5
2020-08-08,TEX,LAA,2,0,2
2020-08-08,KC,MIN,9,6,15
2020-08-08,NYM,MIA,8,4,12
2020-08-08,MIL,CIN,1,4,5
2020-08-08,BOS,TOR,1,2,3
2020-08-08,SD,AZ,2,3,5
2020-08-08,SEA,COL,0,5,5
2020-08-08,LAD,SF,4,5,9
2020-08-08,STL,CHC,0,0,0
2020-08-09,WSH,BAL,2,6,8
2020-08-09,PHI,ATL,2,5,7
2020-08-09,PHI,ATL,0,8,8
2020-08-09,NYM,MIA,4,2,6
2020-08-09,TB,NYY,4,3,7
2020-08-09,PIT,DET,1,2,3
2020-08-09,BOS,TOR,5,3,8
2020-08-09,KC,MIN,4,2,6
2020-08-09,MIL,CIN,9,3,12
2020-08-09,TEX,LAA,7,3,10
2020-08-09,ATH,HOU,7,2,9
2020-08-09,SD,AZ,9,5,14
2020-08-09,SEA,COL,5,3,8
2020-08-09,LAD,SF,6,2,8
2020-08-09,CWS,CLE,4,5,9
2020-08-09,STL,CHC,0,0,0
2020-08-10,PHI,ATL,13,8,21
2020-08-10,NYM,WSH,4,16,20
2020-08-10,DET,CWS,5,1,6
2020-08-10,BOS,TB,7,8,15
2020-08-10,MIL,MIN,2,4,6
2020-08-10,COL,AZ,8,12,20
2020-08-10,TEX,SEA,2,10,12
2020-08-10,HOU,SF,6,4,10
2020-08-10,LAA,ATH,10,9,19
2020-08-10,LAD,SD,1,2,3
2020-08-10,STL,PIT,0,0,0
2020-08-11,TOR,MIA,5,4,9
2020-08-11,CIN,KC,6,5,11
2020-08-11,PHI,BAL,9,10,19
2020-08-11,NYY,ATL,9,6,15
2020-08-11,CLE,CHC,1,7,8
2020-08-11,NYM,WSH,1,2,3
2020-08-11,DET,CWS,4,8,12
2020-08-11,BOS,TB,2,8,10
2020-08-11,MIL,MIN,6,4,10
2020-08-11,COL,AZ,8,7,15
2020-08-11,TEX,SEA,4,2,6
2020-08-11,HOU,SF,6,7,13
2020-08-11,LAA,ATH,6,0,6
2020-08-11,LAD,SD,2,6,8
2020-08-11,STL,PIT,0,0,0
2020-08-12,DET,CWS,5,7,12
2020-08-12,COL,AZ,7,13,20
2020-08-12,LAA,ATH,4,8,12
2020-08-12,CLE,CHC,2,7,9
2020-08-12,TOR,MIA,11,14,25
2020-08-12,CIN,KC,4,5,9
2020-08-12,PHI,BAL,4,5,9
2020-08-12,NYY,ATL,6,3,9
2020-08-12,NYM,WSH,11,6,17
2020-08-12,HOU,SF,5,1,6
2020-08-12,MIL,MIN,2,12,14
2020-08-12,BOS,TB,5,9,14
2020-08-12,TEX,SEA,7,4,11
2020-08-12,LAD,SD,6,0,6
2020-08-12,STL,PIT,0,0,0
2020-08-13,NYM,WSH,8,2,10
2020-08-13,PHI,BAL,4,11,15
2020-08-13,BOS,TB,8,17,25
2020-08-13,CIN,PIT,6,9,15
2020-08-13,CHC,MIL,4,2,6
2020-08-13,LAD,SD,11,2,13
2020-08-13,DET,STL,0,0,0
2020-08-13,DET,STL,0,0,0
2020-08-14,WSH,BAL,2,6,8
2020-08-14,TOR,TB,12,4,16
2020-08-14,BAL,WSH,3,15,18
2020-08-14,PHI,NYM,6,5,11
2020-08-14,NYY,BOS,10,3,13
2020-08-14,DET,CLE,5,10,15
2020-08-14,CIN,PIT,8,1,9
2020-08-14,MIA,ATL,8,2,10
2020-08-14,CHC,MIL,3,4,7
2020-08-14,COL,TEX,2,3,5
2020-08-14,HOU,SEA,11,1,12
2020-08-14,LAA,LAD,4,7,11
2020-08-14,AZ,SD,5,1,6
2020-08-14,SF,ATH,7,8,15
2020-08-14,MIN,KC,0,0,0
2020-08-14,CWS,STL,0,0,0
2020-08-15,CWS,STL,1,5,6
2020-08-15,CWS,STL,3,6,9
2020-08-15,MIN,KC,4,2,6
2020-08-15,MIN,KC,2,4,6
2020-08-15,CHC,MIL,5,6,11
2020-08-15,PHI,NYM,6,2,8
2020-08-15,DET,CLE,1,3,4
2020-08-15,MIA,ATL,1,2,3
2020-08-15,TOR,TB,2,3,5
2020-08-15,SF,ATH,6,7,13
2020-08-15,NYY,BOS,11,5,16
2020-08-15,HOU,SEA,2,1,3
2020-08-15,BAL,WSH,7,3,10
2020-08-15,AZ,SD,7,6,13
2020-08-15,COL,TEX,4,6,10
2020-08-15,LAA,LAD,5,6,11
2020-08-15,CIN,PIT,0,0,0
2020-08-16,BAL,WSH,5,6,11
2020-08-16,PHI,NYM,6,2,8
2020-08-16,TOR,TB,2,3,5
2020-08-16,DET,CLE,5,8,13
2020-08-16,MIA,ATL,0,4,4
2020-08-16,TOR,TB,5,7,12
2020-08-16,HOU,SEA,3,2,5
2020-08-16,MIN,KC,4,2,6
2020-08-16,CWS,STL,7,2,9
2020-08-16,CHC,MIL,5,6,11
2020-08-16,COL,TEX,10,6,16
2020-08-16,SF,ATH,3,15,18
2020-08-16,LAA,LAD,3,8,11
2020-08-16,AZ,SD,5,4,9
2020-08-16,NYY,BOS,4,2,6
2020-08-16,CIN,PIT,0,0,0
2020-08-17,CHC,STL,1,3,4
2020-08-17,STL,CHC,4,5,9
2020-08-17,NYY,BOS,6,3,9
2020-08-17,ATL,WSH,7,6,13
2020-08-17,MIA,NYM,4,11,15
2020-08-17,BAL,TOR,2,7,9
2020-08-17,MIN,KC,4,1,5
2020-08-17,CWS,DET,7,2,9
2020-08-17,TEX,SD,4,14,18
2020-08-17,HOU,COL,2,1,3
2020-08-17,AZ,ATH,4,3,7
2020-08-17,LAD,SEA,11,9,20
2020-08-17,LAA,SF,7,6,13
2020-08-18,HOU,COL,2,1,3
2020-08-18,TEX,SD,4,6,10
2020-08-18,LAA,SF,2,8,10
2020-08-18,AZ,ATH,10,1,11
2020-08-18,PIT,CLE,3,6,9
2020-08-18,NYY,TB,3,6,9
2020-08-18,LAD,SEA,2,1,3
2020-08-18,ATL,WSH,5,8,13
2020-08-18,MIA,NYM,3,8,11
2020-08-18,BOS,PHI,6,13,19
2020-08-18,BAL,TOR,7,8,15
2020-08-18,CWS,DET,10,4,14
2020-08-18,MIN,MIL,4,3,7
2020-08-18,CHC,STL,6,3,9
2020-08-18,KC,CIN,0,0,0
2020-08-19,BAL,TOR,2,5,7
2020-08-19,BOS,PHI,6,3,9
2020-08-19,CHC,STL,3,9,12
2020-08-19,STL,CHC,2,4,6
2020-08-19,KC,CIN,4,0,4
2020-08-19,KC,CIN,0,5,5
2020-08-19,PIT,CLE,1,6,7
2020-08-19,NYY,TB,2,4,6
2020-08-19,MIA,NYM,3,5,8
2020-08-19,CWS,DET,5,3,8
2020-08-19,MIN,MIL,3,9,12
2020-08-19,COL,HOU,6,13,19
2020-08-19,SD,TEX,6,3,9
2020-08-19,ATH,AZ,4,1,5
2020-08-19,SEA,LAD,6,4,10
2020-08-19,SF,LAA,7,2,9
2020-08-19,ATL,WSH,0,0,0
2020-08-20,NYY,TB,5,10,15
2020-08-20,TOR,PHI,3,2,5
2020-08-20,TOR,PHI,9,8,17
2020-08-20,CWS,DET,9,0,9
2020-08-20,COL,HOU,8,10,18
2020-08-20,PIT,CLE,0,2,2
2020-08-20,SEA,LAD,1,6,7
2020-08-20,MIN,MIL,7,1,8
2020-08-20,BAL,BOS,1,7,8
2020-08-20,SD,TEX,8,7,15
2020-08-20,STL,CIN,5,4,9
2020-08-20,ATH,AZ,5,1,6
2020-08-20,SF,LAA,10,5,15
2020-08-20,MIA,NYM,0,0,0
2020-08-21,WSH,MIA,2,3,5
2020-08-21,TB,TOR,5,6,11
2020-08-21,PIT,MIL,7,2,9
2020-08-21,CLE,DET,5,10,15
2020-08-21,ATL,PHI,11,2,13
2020-08-21,BAL,BOS,5,8,13
2020-08-21,KC,MIN,7,2,9
2020-08-21,STL,CIN,2,4,6
2020-08-21,CHC,CWS,1,10,11
2020-08-21,SD,HOU,4,3,7
2020-08-21,SEA,TEX,7,4,11
2020-08-21,LAD,COL,5,1,6
2020-08-21,ATH,LAA,5,3,8
2020-08-21,SF,AZ,6,2,8
2020-08-21,NYM,NYY,0,0,0
2020-08-22,WSH,MIA,5,4,9
2020-08-22,MIA,WSH,5,3,8
2020-08-22,PIT,MIL,12,5,17
2020-08-22,ATH,LAA,3,4,7
2020-08-22,TB,TOR,2,1,3
2020-08-22,KC,MIN,2,7,9
2020-08-22,CLE,DET,6,1,7
2020-08-22,ATL,PHI,6,5,11
2020-08-22,BAL,BOS,5,4,9
2020-08-22,STL,CIN,3,0,3
2020-08-22,CHC,CWS,4,7,11
2020-08-22,LAD,COL,4,3,7
2020-08-22,SD,HOU,13,2,15
2020-08-22,SEA,TEX,10,1,11
2020-08-22,SF,AZ,5,1,6
2020-08-22,NYM,NYY,0,0,0
2020-08-23,WSH,MIA,9,3,12
2020-08-23,BAL,BOS,5,4,9
2020-08-23,CLE,DET,4,7,11
2020-08-23,TB,TOR,5,4,9
2020-08-23,PIT,MIL,5,4,9
2020-08-23,KC,MIN,4,5,9
2020-08-23,STL,CIN,6,2,8
2020-08-23,CHC,CWS,2,1,3
2020-08-23,LAD,COL,11,3,14
2020-08-23,ATH,LAA,5,4,9
2020-08-23,SD,HOU,5,3,8
2020-08-23,SF,AZ,6,1,7
2020-08-23,SEA,TEX,4,1,5
2020-08-23,ATL,PHI,4,5,9
2020-08-23,NYM,NYY,0,0,0
2020-08-24,TB,TOR,4,6,10
2020-08-24,WSH,MIA,8,11,19
2020-08-24,DET,CHC,3,9,12
2020-08-24,CLE,MIN,2,3,5
2020-08-24,TEX,ATH,3,2,5
2020-08-24,MIL,CIN,4,2,6
2020-08-24,STL,KC,9,3,12
2020-08-24,HOU,LAA,11,4,15
2020-08-24,AZ,COL,2,3,5
2020-08-25,HOU,LAA,6,3,9
2020-08-25,HOU,LAA,5,12,17
2020-08-25,NYM,MIA,0,4,4
2020-08-25,MIA,NYM,3,0,3
2020-08-25,WSH,PHI,3,8,11
2020-08-25,TOR,BOS,7,9,16
2020-08-25,TB,BAL,4,2,6
2020-08-25,DET,CHC,7,1,8
2020-08-25,CLE,MIN,4,2,6
2020-08-25,TEX,ATH,3,10,13
2020-08-25,CWS,PIT,4,0,4
2020-08-25,MIL,CIN,3,2,5
2020-08-25,STL,KC,4,5,9
2020-08-25,SD,SEA,3,8,11
2020-08-25,AZ,COL,4,5,9
2020-08-25,SF,LAD,10,8,18
2020-08-25,ATL,NYY,0,0,0
2020-08-26,CWS,PIT,10,3,13
2020-08-26,ATL,NYY,5,1,6
2020-08-26,ATL,NYY,2,1,3
2020-08-26,WSH,PHI,2,3,5
2020-08-26,TOR,BOS,9,1,10
2020-08-26,TB,BAL,4,3,7
2020-08-26,DET,CHC,7,6,13
2020-08-26,CLE,MIN,6,3,9
2020-08-26,NYM,MIA,5,4,9
2020-08-26,TEX,ATH,1,3,4
2020-08-26,STL,KC,6,5,11
2020-08-26,AZ,COL,7,8,15
2020-08-26,HOU,LAA,0,0,0
2020-08-26,MIL,CIN,0,0,0
2020-08-26,SD,SEA,0,0,0
2020-08-26,SF,LAD,0,0,0
2020-08-27,SD,SEA,10,7,17
2020-08-27,SD,SEA,3,8,11
2020-08-27,STL,PIT,3,4,7
2020-08-27,STL,PIT,0,2,2
2020-08-27,SF,LAD,0,7,7
2020-08-27,SF,LAD,0,2,2
2020-08-27,MIL,CIN,1,6,7
2020-08-27,MIL,CIN,0,6,6
2020-08-27,AZ,COL,0,0,0
2020-08-27,TEX,ATH,0,0,0
2020-08-27,TOR,BOS,0,0,0
2020-08-27,WSH,PHI,0,0,0
2020-08-27,TB,BAL,0,0,0
2020-08-27,DET,MIN,0,0,0
2020-08-27,NYM,MIA,0,0,0
2020-08-28,NYY,NYM,4,6,10
2020-08-28,NYM,NYY,4,3,7
2020-08-28,TOR,BAL,5,4,9
2020-08-28,PHI,ATL,7,4,11
2020-08-28,CIN,CHC,6,5,11
2020-08-28,CWS,KC,6,5,11
2020-08-28,MIA,TB,0,2,2
2020-08-28,BOS,WSH,2,10,12
2020-08-28,TEX,LAD,6,2,8
2020-08-28,MIL,PIT,9,1,10
2020-08-28,STL,CLE,2,14,16
2020-08-28,COL,SD,4,10,14
2020-08-28,LAA,SEA,3,2,5
2020-08-28,AZ,SF,7,4,11
2020-08-28,DET,MIN,0,0,0
2020-08-28,DET,MIN,0,0,0
2020-08-28,HOU,ATH,0,0,0
2020-08-29,NYY,NYM,2,1,3
2020-08-29,DET,MIN,8,2,10
2020-08-29,DET,MIN,4,2,6
2020-08-29,STL,CLE,1,2,3
2020-08-29,PHI,ATL,4,1,5
2020-08-29,CWS,KC,6,9,15
2020-08-29,CIN,CHC,0,3,3
2020-08-29,CIN,CHC,6,5,11
2020-08-29,HOU,ATH,4,2,6
2020-08-29,HOU,ATH,6,3,9
2020-08-29,MIA,TB,0,4,4
2020-08-29,TOR,BAL,5,0,5
2020-08-29,TEX,LAD,4,7,11
2020-08-29,MIL,PIT,7,6,13
2020-08-29,BOS,WSH,5,3,8
2020-08-29,COL,SD,4,3,7
2020-08-29,AZ,SF,2,5,7
2020-08-29,LAA,SEA,16,3,19
2020-08-30,NYY,NYM,8,7,15
2020-08-30,NYM,NYY,2,5,7
2020-08-30,CIN,CHC,1,10,11
2020-08-30,DET,MIN,3,2,5
2020-08-30,MIA,TB,7,12,19
2020-08-30,BOS,WSH,9,5,14
2020-08-30,CWS,KC,5,2,7
2020-08-30,MIL,PIT,1,5,6
2020-08-30,STL,CLE,7,2,9
2020-08-30,TEX,LAD,2,7,9
2020-08-30,TOR,BAL,6,5,11
2020-08-30,COL,SD,2,13,15
2020-08-30,LAA,SEA,1,2,3
2020-08-30,AZ,SF,1,4,5
2020-08-30,PHI,ATL,10,12,22
2020-08-30,HOU,ATH,0,0,0
2020-08-31,NYM,MIA,3,5,8
2020-08-31,TOR,BAL,3,4,7
2020-08-31,LAA,SEA,1,2,3
2020-08-31,CIN,STL,5,7,12
2020-08-31,PHI,WSH,8,6,14
2020-08-31,NYY,TB,3,5,8
2020-08-31,BOS,ATL,3,6,9
2020-08-31,MIL,PIT,6,5,11
2020-08-31,KC,CLE,2,1,3
2020-08-31,MIN,CWS,5,8,13
2020-08-31,COL,SD,0,6,6
2020-09-01,CIN,STL,2,16,18
2020-09-01,MIA,TOR,3,2,5
2020-09-01,PIT,CHC,7,8,15
2020-09-01,PHI,WSH,6,0,6
2020-09-01,NYY,TB,5,3,8
2020-09-01,BOS,ATL,3,10,13
2020-09-01,BAL,NYM,9,5,14
2020-09-01,MIL,DET,1,12,13
2020-09-01,KC,CLE,1,10,11
2020-09-01,HOU,TEX,5,6,11
2020-09-01,MIN,CWS,3,2,5
2020-09-01,COL,SF,5,23,28
2020-09-01,LAD,AZ,6,3,9
2020-09-01,SEA,ATH,0,0,0
2020-09-02,COL,SF,9,6,15
2020-09-02,BAL,NYM,4,9,13
2020-09-02,CIN,STL,4,3,7
2020-09-02,MIA,TOR,1,2,3
2020-09-02,PIT,CHC,2,8,10
2020-09-02,PHI,WSH,3,0,3
2020-09-02,NYY,TB,2,5,7
2020-09-02,BOS,ATL,5,7,12
2020-09-02,MIL,DET,8,5,13
2020-09-02,KC,CLE,0,5,5
2020-09-02,HOU,TEX,2,1,3
2020-09-02,MIN,CWS,8,1,9
2020-09-02,LAD,AZ,3,2,5
2020-09-02,LAA,SD,4,11,15
2020-09-02,SEA,ATH,0,0,0
2020-09-03,PIT,CHC,6,2,8
2020-09-03,HOU,TEX,8,4,12
2020-09-03,PHI,WSH,6,5,11
2020-09-03,NYM,NYY,9,7,16
2020-09-03,LAA,SD,2,0,2
2020-09-03,BOS,TOR,2,6,8
2020-09-03,KC,CWS,6,11,17
2020-09-03,LAD,AZ,5,1,6
2020-09-03,SEA,ATH,0,0,0
2020-09-04,MIN,DET,2,0,2
2020-09-04,DET,MIN,2,3,5
2020-09-04,PIT,CIN,2,4,6
2020-09-04,CIN,PIT,3,4,7
2020-09-04,BOS,TOR,7,8,15
2020-09-04,TOR,BOS,2,3,5
2020-09-04,ATL,WSH,7,1,8
2020-09-04,ATL,WSH,9,10,19
2020-09-04,BAL,NYY,5,6,11
2020-09-04,BAL,NYY,6,3,9
2020-09-04,TB,MIA,5,4,9
2020-09-04,NYM,PHI,3,5,8
2020-09-04,CLE,MIL,1,7,8
2020-09-04,KC,CWS,4,7,11
2020-09-04,CHC,STL,4,1,5
2020-09-04,LAA,HOU,6,5,11
2020-09-04,SEA,TEX,6,3,9
2020-09-04,LAD,COL,10,6,16
2020-09-04,ATH,SD,0,7,7
2020-09-04,SF,AZ,5,6,11
2020-09-05,ATH,SD,8,4,12
2020-09-05,CHC,STL,2,4,6
2020-09-05,STL,CHC,5,1,6
2020-09-05,TB,MIA,3,7,10
2020-09-05,PIT,CIN,2,6,8
2020-09-05,KC,CWS,3,5,8
2020-09-05,LAA,HOU,10,9,19
2020-09-05,HOU,LAA,6,7,13
2020-09-05,MIN,DET,4,3,7
2020-09-05,NYM,PHI,5,1,6
2020-09-05,ATL,WSH,4,10,14
2020-09-05,CLE,MIL,4,3,7
2020-09-05,BOS,TOR,9,8,17
2020-09-05,BAL,NYY,6,1,7
2020-09-05,LAD,COL,2,5,7
2020-09-05,SEA,TEX,5,3,8
2020-09-05,SF,AZ,4,3,7
2020-09-06,BAL,NYY,5,1,6
2020-09-06,NYM,PHI,14,1,15
2020-09-06,ATL,WSH,10,3,13
2020-09-06,TB,MIA,5,4,9
2020-09-06,CLE,MIL,4,1,5
2020-09-06,PIT,CIN,3,2,5
2020-09-06,BOS,TOR,8,10,18
2020-09-06,KC,CWS,2,8,10
2020-09-06,MIN,DET,8,10,18
2020-09-06,SF,AZ,4,2,6
2020-09-06,LAA,HOU,9,5,14
2020-09-06,ATH,SD,3,5,8
2020-09-06,SEA,TEX,4,3,7
2020-09-06,CHC,STL,3,7,10
2020-09-06,LAD,COL,6,7,13
2020-09-07,NYM,PHI,8,9,17
2020-09-07,ATL,MIA,4,5,9
2020-09-07,MIN,DET,6,2,8
2020-09-07,CHC,STL,5,1,6
2020-09-07,SEA,TEX,8,4,12
2020-09-07,WSH,TB,6,1,7
2020-09-07,CLE,KC,5,2,7
2020-09-07,TOR,NYY,12,7,19
2020-09-07,SF,AZ,4,2,6
2020-09-07,ATH,HOU,6,0,6
2020-09-07,SD,COL,1,0,1
2020-09-08,STL,MIN,3,7,10
2020-09-08,STL,MIN,6,4,10
2020-09-08,PHI,BOS,6,5,11
2020-09-08,PHI,BOS,2,5,7
2020-09-08,WSH,TB,5,3,8
2020-09-08,CLE,KC,6,8,14
2020-09-08,HOU,ATH,2,4,6
2020-09-08,ATH,HOU,4,5,9
2020-09-08,TOR,NYY,2,1,3
2020-09-08,PIT,CWS,5,4,9
2020-09-08,NYM,BAL,2,11,13
2020-09-08,ATL,MIA,0,8,8
2020-09-08,DET,MIL,8,3,11
2020-09-08,TEX,LAA,7,1,8
2020-09-08,CHC,CIN,3,0,3
2020-09-08,SD,COL,14,5,19
2020-09-08,AZ,LAD,9,10,19
2020-09-08,SF,SEA,6,5,11
2020-09-09,DET,MIL,0,19,19
2020-09-09,CLE,KC,0,3,3
2020-09-09,TOR,NYY,2,7,9
2020-09-09,PIT,CWS,1,8,9
2020-09-09,NYM,BAL,7,6,13
2020-09-09,ATL,MIA,29,9,38
2020-09-09,TEX,LAA,7,3,10
2020-09-09,SD,COL,5,3,8
2020-09-09,CHC,CIN,0,3,3
2020-09-09,ATH,HOU,3,2,5
2020-09-09,AZ,LAD,4,6,10
2020-09-09,SF,SEA,10,1,11
2020-09-10,STL,DET,12,2,14
2020-09-10,STL,DET,3,6,9
2020-09-10,ATH,HOU,3,1,4
2020-09-10,TEX,LAA,2,6,8
2020-09-10,WSH,ATL,6,7,13
2020-09-10,CLE,KC,1,11,12
2020-09-10,TB,BOS,3,4,7
2020-09-10,MIA,PHI,7,6,13
2020-09-10,CHC,CIN,8,5,13
2020-09-10,SD,SF,6,1,7
2020-09-10,AZ,LAD,5,2,7
2020-09-10,NYY,BAL,0,0,0
2020-09-11,NYY,BAL,6,0,6
2020-09-11,NYY,BAL,10,1,11
2020-09-11,MIA,PHI,0,11,11
2020-09-11,MIA,PHI,5,3,8
2020-09-11,WSH,ATL,8,7,15
2020-09-11,TOR,NYM,1,18,19
2020-09-11,TB,BOS,11,1,12
2020-09-11,KC,PIT,4,3,7
2020-09-11,TEX,ATH,6,10,16
2020-09-11,MIN,CLE,3,1,4
2020-09-11,CWS,DET,4,3,7
2020-09-11,MIL,CHC,1,0,1
2020-09-11,STL,CIN,1,3,4
2020-09-11,COL,LAA,8,4,12
2020-09-11,AZ,SEA,4,3,7
2020-09-11,SD,SF,0,0,0
2020-09-12,NYY,BAL,2,1,3
2020-09-12,TEX,ATH,5,2,7
2020-09-12,TEX,ATH,1,10,11
2020-09-12,WSH,ATL,1,2,3
2020-09-12,MIA,PHI,6,12,18
2020-09-12,TOR,NYM,3,2,5
2020-09-12,TB,BOS,5,4,9
2020-09-12,KC,PIT,7,4,11
2020-09-12,CWS,DET,14,0,14
2020-09-12,MIL,CHC,2,4,6
2020-09-12,LAD,HOU,5,7,12
2020-09-12,MIN,CLE,8,4,12
2020-09-12,COL,LAA,2,5,7
2020-09-12,AZ,SEA,3,7,10
2020-09-12,STL,CIN,7,1,8
2020-09-12,SD,SF,0,0,0
2020-09-13,WSH,ATL,4,8,12
2020-09-13,NYY,BAL,3,1,4
2020-09-13,TB,BOS,3,6,9
2020-09-13,MIA,PHI,2,1,3
2020-09-13,MIA,PHI,8,1,9
2020-09-13,KC,PIT,11,0,11
2020-09-13,MIN,CLE,7,5,12
2020-09-13,CWS,DET,5,2,7
2020-09-13,MIL,CHC,0,12,12
2020-09-13,STL,CIN,5,10,15
2020-09-13,TEX,ATH,6,3,9
2020-09-13,TOR,NYM,7,3,10
2020-09-13,COL,LAA,3,5,8
2020-09-13,AZ,SEA,3,7,10
2020-09-13,SD,SF,6,0,6
2020-09-13,SD,SF,3,1,4
2020-09-13,LAD,HOU,8,1,9
2020-09-14,CIN,PIT,3,1,4
2020-09-14,CIN,PIT,9,4,13
2020-09-14,MIA,PHI,6,2,8
2020-09-14,SEA,ATH,6,5,11
2020-09-14,SEA,ATH,0,9,9
2020-09-14,MIL,STL,2,1,3
2020-09-14,MIL,STL,2,3,5
2020-09-14,BAL,ATL,14,1,15
2020-09-14,CWS,MIN,3,1,4
2020-09-14,SD,LAD,7,2,9
2020-09-15,CIN,PIT,4,1,5
2020-09-15,TB,WSH,6,1,7
2020-09-15,MIA,BOS,0,2,2
2020-09-15,PHI,NYM,4,1,5
2020-09-15,NYY,TOR,20,6,26
2020-09-15,DET,KC,6,0,6
2020-09-15,BAL,ATL,1,5,6
2020-09-15,MIL,STL,18,3,21
2020-09-15,HOU,TEX,4,1,5
2020-09-15,CWS,MIN,6,2,8
2020-09-15,CHC,CLE,6,5,11
2020-09-15,COL,ATH,3,1,4
2020-09-15,SD,LAD,1,3,4
2020-09-15,LAA,AZ,8,9,17
2020-09-15,SEA,SF,0,0,0
2020-09-16,TB,WSH,2,4,6
2020-09-16,COL,ATH,1,3,4
2020-09-16,SD,LAD,5,7,12
2020-09-16,MIL,STL,2,4,6
2020-09-16,MIL,STL,6,0,6
2020-09-16,CIN,PIT,1,0,1
2020-09-16,MIA,BOS,8,4,12
2020-09-16,PHI,NYM,4,5,9
2020-09-16,NYY,TOR,13,2,15
2020-09-16,DET,KC,0,4,4
2020-09-16,BAL,ATL,5,1,6
2020-09-16,HOU,TEX,0,1,1
2020-09-16,CWS,MIN,1,5,6
2020-09-16,CHC,CLE,3,2,5
2020-09-16,LAA,AZ,6,9,15
2020-09-16,SEA,SF,3,9,12
2020-09-16,SEA,SF,0,0,0
2020-09-17,MIA,BOS,3,5,8
2020-09-17,CWS,MIN,4,3,7
2020-09-17,LAA,AZ,7,3,10
2020-09-17,SEA,SF,4,6,10
2020-09-17,BAL,TB,1,3,4
2020-09-17,TB,BAL,10,6,16
2020-09-17,PIT,STL,5,1,6
2020-09-17,PHI,NYM,6,10,16
2020-09-17,NYY,TOR,10,7,17
2020-09-17,DET,CLE,3,10,13
2020-09-17,HOU,TEX,2,1,3
2020-09-17,COL,LAD,3,9,12
2020-09-18,PIT,STL,5,6,11
2020-09-18,STL,PIT,7,2,9
2020-09-18,TOR,PHI,0,7,7
2020-09-18,PHI,TOR,8,7,15
2020-09-18,MIA,WSH,0,5,5
2020-09-18,MIA,WSH,14,3,17
2020-09-18,DET,CLE,0,1,1
2020-09-18,NYM,ATL,2,15,17
2020-09-18,CIN,CWS,7,1,8
2020-09-18,BOS,NYY,5,6,11
2020-09-18,BAL,TB,1,2,3
2020-09-18,HOU,AZ,3,6,9
2020-09-18,COL,LAD,6,15,21
2020-09-18,MIL,KC,9,5,14
2020-09-18,CHC,MIN,1,0,1
2020-09-18,LAA,TEX,6,2,8
2020-09-18,SEA,SD,1,6,7
2020-09-18,ATH,SF,6,0,6
2020-09-19,ATH,SF,6,0,6
2020-09-19,PHI,TOR,3,1,4
2020-09-19,DET,CLE,5,2,7
2020-09-19,MIA,WSH,7,3,10
2020-09-19,PIT,STL,4,5,9
2020-09-19,NYM,ATL,7,2,9
2020-09-19,CIN,CWS,0,5,5
2020-09-19,HOU,AZ,3,2,5
2020-09-19,MIL,KC,5,0,5
2020-09-19,BOS,NYY,0,8,8
2020-09-19,BAL,TB,1,3,4
2020-09-19,COL,LAD,1,6,7
2020-09-19,CHC,MIN,1,8,9
2020-09-19,SEA,SD,4,1,5
2020-09-19,LAA,TEX,4,3,7
2020-09-20,BAL,TB,2,1,3
2020-09-20,BOS,NYY,10,2,12
2020-09-20,DET,CLE,4,7,11
2020-09-20,NYM,ATL,0,7,7
2020-09-20,CIN,CWS,7,3,10
2020-09-20,MIA,WSH,2,1,3
2020-09-20,MIA,WSH,0,15,15
2020-09-20,HOU,AZ,3,2,5
2020-09-20,MIL,KC,5,3,8
2020-09-20,PHI,TOR,3,6,9
2020-09-20,COL,LAD,6,3,9
2020-09-20,PIT,STL,1,2,3
2020-09-20,SEA,SD,4,7,11
2020-09-20,ATH,SF,2,14,16
2020-09-20,LAA,TEX,2,7,9
2020-09-20,CHC,MIN,0,4,4
2020-09-21,LAA,TEX,8,5,13
2020-09-21,WSH,PHI,5,1,6
2020-09-21,CLE,CWS,7,4,11
2020-09-21,TOR,NYY,11,5,16
2020-09-21,CIN,MIL,6,3,9
2020-09-21,PIT,CHC,0,5,5
2020-09-21,NYM,TB,1,2,3
2020-09-21,ATL,MIA,5,4,9
2020-09-21,KC,STL,4,1,5
2020-09-21,SEA,HOU,6,1,7
2020-09-21,SF,COL,2,7,9
2020-09-22,WSH,PHI,5,1,6
2020-09-22,WSH,PHI,8,7,15
2020-09-22,CLE,CWS,5,3,8
2020-09-22,TOR,NYY,1,12,13
2020-09-22,CIN,MIL,2,3,5
2020-09-22,PIT,CHC,3,2,5
2020-09-22,NYM,TB,5,2,7
2020-09-22,ATL,MIA,11,1,12
2020-09-22,BOS,BAL,8,3,11
2020-09-22,MIN,DET,5,4,9
2020-09-22,KC,STL,0,5,5
2020-09-22,SD,LAA,2,4,6
2020-09-22,SEA,HOU,1,6,7
2020-09-22,AZ,TEX,7,0,7
2020-09-22,LAD,ATH,7,2,9
2020-09-22,SF,COL,5,2,7
2020-09-23,SD,LAA,2,5,7
2020-09-23,WSH,PHI,3,12,15
2020-09-23,AZ,TEX,7,3,10
2020-09-23,CLE,CWS,3,2,5
2020-09-23,TOR,NYY,14,1,15
2020-09-23,SEA,HOU,3,2,5
2020-09-23,CIN,MIL,6,1,7
2020-09-23,PIT,CHC,2,1,3
2020-09-23,NYM,TB,5,8,13
2020-09-23,ATL,MIA,9,4,13
2020-09-23,BOS,BAL,9,1,10
2020-09-23,MIN,DET,7,6,13
2020-09-23,KC,STL,12,3,15
2020-09-23,LAD,ATH,4,6,10
2020-09-23,SF,COL,7,2,9
2020-09-24,PIT,CHC,7,0,7
2020-09-24,SF,COL,4,5,9
2020-09-24,WSH,NYM,2,3,5
2020-09-24,CLE,CWS,5,4,9
2020-09-24,TOR,NYY,4,1,5
2020-09-24,ATL,MIA,2,4,6
2020-09-24,BOS,BAL,1,13,14
2020-09-24,KC,DET,8,7,15
2020-09-24,TEX,HOU,4,12,16
2020-09-24,STL,MIL,4,2,6
2020-09-24,LAD,ATH,5,1,6
2020-09-25,STL,MIL,0,3,3
2020-09-25,MIL,STL,1,9,10
2020-09-25,TOR,BAL,10,5,15
2020-09-25,AZ,COL,4,0,4
2020-09-25,AZ,COL,11,5,16
2020-09-25,TB,PHI,6,4,10
2020-09-25,NYY,MIA,3,4,7
2020-09-25,CLE,PIT,4,3,7
2020-09-25,SF,SD,5,4,9
2020-09-25,SD,SF,6,5,11
2020-09-25,ATL,BOS,8,7,15
2020-09-25,KC,DET,3,2,5
2020-09-25,TEX,HOU,5,4,9
2020-09-25,MIN,CIN,2,7,9
2020-09-25,CWS,CHC,0,10,10
2020-09-25,LAD,LAA,9,5,14
2020-09-25,ATH,SEA,3,1,4
2020-09-25,WSH,NYM,0,0,0
2020-09-26,NYY,MIA,11,4,15
2020-09-26,WSH,NYM,4,3,7
2020-09-26,WSH,NYM,5,3,8
2020-09-26,ATH,SEA,1,5,6
2020-09-26,SEA,ATH,12,3,15
2020-09-26,TOR,BAL,5,2,7
2020-09-26,KC,DET,3,4,7
2020-09-26,TEX,HOU,6,1,7
2020-09-26,TB,PHI,4,3,7
2020-09-26,STL,MIL,0,3,3
2020-09-26,CLE,PIT,0,8,8
2020-09-26,MIN,CIN,7,3,10
2020-09-26,ATL,BOS,2,8,10
2020-09-26,CWS,CHC,9,5,14
2020-09-26,AZ,COL,3,10,13
2020-09-26,LAD,LAA,7,6,13
2020-09-26,SF,SD,2,6,8
2020-09-27,KC,DET,3,1,4
2020-09-27,WSH,NYM,15,5,20
2020-09-27,SF,SD,4,5,9
2020-09-27,TEX,HOU,8,4,12
2020-09-27,NYY,MIA,0,5,5
2020-09-27,TOR,BAL,5,7,12
2020-09-27,AZ,COL,11,3,14
2020-09-27,LAD,LAA,5,0,5
2020-09-27,CLE,PIT,8,6,14
2020-09-27,ATH,SEA,6,2,8
2020-09-27,MIN,CIN,3,5,8
2020-09-27,TB,PHI,5,0,5
2020-09-27,ATL,BOS,1,9,10
2020-09-27,CWS,CHC,8,10,18
2020-09-27,STL,MIL,5,2,7
2020-09-29,MIN,HOU,1,4,5
2020-09-29,ATH,CWS,1,4,5
2020-09-29,TB,TOR,3,1,4
2020-09-29,CLE,NYY,3,12,15
2020-09-30,ATL,CIN,1,0,1
2020-09-30,MIN,HOU,1,3,4
2020-09-30,CHC,MIA,1,5,6
2020-09-30,ATH,CWS,5,3,8
2020-09-30,TB,TOR,8,2,10
2020-09-30,SD,STL,4,7,11
2020-09-30,CLE,NYY,9,10,19
2020-09-30,LAD,MIL,4,2,6
2020-10-01,ATL,CIN,5,0,5
2020-10-01,ATH,CWS,6,4,10
2020-10-01,SD,STL,11,9,20
2020-10-01,LAD,MIL,3,0,3
2020-10-01,CHC,MIA,0,0,0
2020-10-02,CHC,MIA,0,2,2
2020-10-02,SD,STL,4,0,4
2020-10-05,ATH,HOU,5,10,15
2020-10-05,TB,NYY,3,9,12
2020-10-06,ATL,MIA,9,5,14
2020-10-06,ATH,HOU,2,5,7
2020-10-06,TB,NYY,7,5,12
2020-10-06,LAD,SD,5,1,6
2020-10-07,ATL,MIA,2,0,2
2020-10-07,HOU,ATH,7,9,16
2020-10-07,NYY,TB,4,8,12
2020-10-07,LAD,SD,6,5,11
2020-10-08,MIA,ATL,0,7,7
2020-10-08,HOU,ATH,11,6,17
2020-10-08,NYY,TB,5,1,6
2020-10-08,SD,LAD,3,12,15
2020-10-09,TB,NYY,2,1,3
2020-10-11,TB,HOU,2,1,3
2020-10-12,TB,HOU,4,2,6
2020-10-12,LAD,ATL,1,5,6
2020-10-13,LAD,ATL,7,8,15
2020-10-13,HOU,TB,2,5,7
2020-10-14,ATL,LAD,3,15,18
2020-10-14,HOU,TB,4,3,7
2020-10-15,HOU,TB,4,3,7
2020-10-15,ATL,LAD,10,2,12
2020-10-16,TB,HOU,4,7,11
2020-10-16,ATL,LAD,3,7,10
2020-10-17,LAD,ATL,3,1,4
2020-10-17,TB,HOU,4,2,6
2020-10-18,LAD,ATL,4,3,7
2020-10-20,LAD,TB,8,3,11
2020-10-21,LAD,TB,4,6,10
2020-10-23,TB,LAD,2,6,8
2020-10-24,TB,LAD,8,7,15
2020-10-25,TB,LAD,2,4,6
2020-10-27,LAD,TB,3,1,4
